Job Title,Company,Location,Job Description
html Coder,Resmatic Inc.,"Sebastopol, CA","We have an ongoing need for HTML coders working offsite on a CONTRACT basis.
Hand-write basic, clean html code on a contract basis.
Work with designers and customer reps to make modifications and updates to existing and new client's websites.

Use your internet skills to search and compile information from the web.
Qualifications:This is a telecommuting opportunity. You'll need your own computer, workspace and internet connection.You have experience succeeding at projects as a freelance contributor.Mastery of html, photoshop, and working knowledge of installing and configuring pre-written perl scripts.Knowledge of perl and Javascript a plus.This is a contract ""as-needed"" position that requires that you be reachable during normal business hours."
Software Development Engineer in Test,Hulu,"Santa Monica, CA","Disney Streaming’s Growthlife QA team is seeking a Software Development Engineer (Test) who will be an extraordinary addition to our team!

We are building next generation of APIs for backend services that power subscriptions, promotions, partnerships, invoicing, entitlements, payments, and accounting, and as an SDET at Disney Streaming, you will play an integral role in defining test strategies, building test automation, investigating/reporting issues, and collaborating across the Engineering teams to release quality software with high confidence in the pursuit of delighting our subscribers. You will be contributing to delivering service platform enhancements to our Disney+, ESPN+, Star+, and Hulu products. You will set up and enhance test automation frameworks and engineer efficient, scalable, and maintainable test infrastructure.

The right person has a strong attention to detail, is intellectually curious, takes accountability and ownership for the definition and delivery of high-quality work. The right person also demonstrates a strong sense of collaboration in their work and professional relationships, clearly and thoughtfully communicates in their areas of expertise, identifies problems, and acts strategically to craft a solution, and empathizes with and advocates for the needs of customers. If you are someone who effectively moves between high-level concepts and low-level execution, then this is a great role for you!"
Programmer - Entry Level Hourly Position,LOCKHEED MARTIN CORPORATION,"Sunnyvale, CA","COVID-19 continues to significantly impact our employees, families and communities. With employee health and safety as our top priority, and as a federal contractor, Lockheed Martin is taking action to address the increased risk and uncertainty COVID variants pose in the workplace and ensuring we meet our commitments to national security.

To uphold safety for all employees, we will continue to request vaccination status for all Lockheed Martin employees including new hires. All current and newly hired employees who are unvaccinated will be required to adhere to onsite safety protocols.
Description:As a Programmer, you would be working with experienced engineers creating solutions which will enable NASA to continue to explore deep space, provide the next generation of Global Positioning Satellites (GPS), or provide support to the U.S. Intelligence Community. Lockheed Martin Space is building the spacecraft that enable these missions and more. The following are examples of duties that may be included:

Providing qualified embedded flight software to meet program needsSupporting the full life-cycle development of spacecraft flight software solutions following the program Software Development Plan (SDP) to include requirements analysis, object oriented analysis & design, code and unit test, integration, and support to formal test / delivery.Performing object oriented analysis and designGenerating engineering documentation, reports, drawings, and flow chartsCompleting the coding and unit level testingSupporting the final system integration and testing, generating the required documents for assembly delivery
Here are some of the benefits you can enjoy as an employee of Lockheed Martin:
Medical, Dental & Vision401k Retirement PlansPaid time offWork/life balanceCareer developmentMentorship opportunitiesRewards & recognitionTuition Reimbursement
Basic Qualifications:
Associate's Degree in Programming / Software Engineering or other related degree program or equivalent experience, and/or technical training. This position requires special access to support the program and requires the selected candidate to be a US Citizen.
Desired Skills:
GIT, JIRA, Database Admin (MySQL), working with Cyber to path Cloud Env, familiarity with CI/CD pipeline
BASIC QUALIFICATIONS:
job.Qualifications

Lockheed Martin is an Equal Opportunity/Affirmative Action Employer. All qualified applicants will receive consideration for employment without regard to race, color, religion, sex, pregnancy, sexual orientation, gender identity, national origin, age, protected veteran status, or disability status.
Join us at Lockheed Martin, where your mission is ours. Our customers tackle the hardest missions. Those that demand extraordinary amounts of courage, resilience and precision. They’re dangerous. Critical. Sometimes they even provide an opportunity to change the world and save lives. Those are the missions we care about.

As a leading technology innovation company, Lockheed Martin’s vast team works with partners around the world to bring proven performance to our customers’ toughest challenges. Lockheed Martin has employees based in many states throughout the U.S., and Internationally, with business locations in many nations and territories.
EXPERIENCE LEVEL:
2 yr Jr College"
Junior Front End Developer,GUESS?. INC.,"Los Angeles, CA","JOB TITLE: Junior Front End Developer

POSITION PURPOSE:
Under the direction of the UX Manager, the front end developer will maintain web pages, graphics and online marketing materials for the family of GUESS, INC. websites. This position will be hands-on coding, maintaining templates and creating from scratch. The role will work closely with Web Design, Merchandising and Development teams to ensure deliverables are in-line with high brand standards and best E-Commerce practices.

ESSENTIAL FUNCTIONS:
Create and maintain front end code for multiple E-Commerce websites (re-designs, seasonal updates, production work, and daily maintenance).
Produce and assist in the deployment of online marketing initiatives, including banner advertisements.
Emphasis will be placed on identifying and implementing innovative, dynamic web solutions, pushing the boundaries of best-in-class E-Commerce websites. This key position will bridge the gap between strong design aesthetics and emerging web technologies.

REQUIREMENTS:
Fundamental understanding of HTML5 and CSS3
Translate a design into a responsive webpage
Practical knowledge of Bootstrap
Adobe Photoshop
Experience with Javascript and plugins
Passionate about writing clean and maintainable code

PERKS:
Fast paced e-commerce environment
Competitive salary
Paid Vacation
100% Remote
401k with company match
Employee Stock Options
Health, Dental & Vision Insurance
Employee Discount

EDUCATION: Bachelor's Degree and/or Coding School/Bootcamp

YEARS OF EXPERIENCE: 0-2 Years
LOCATION: Los Angeles, CA
Location - City, Region or Area
Los Angeles, CA
Location
Other"
Software Engineer (Muitiple Positions and Levels),Adobe,"San Jose, CA","locations
San Jose
Denver
Seattle
Portland
time type
Full time
posted on
Posted 30+ Days Ago
job requisition id
R118358
Our Company

Changing the world through digital experiences is what Adobe’s all about. We give everyone—from emerging artists to global brands—everything they need to design and deliver exceptional digital experiences! We’re passionate about empowering people to create beautiful and powerful images, videos, and apps, and transform how companies interact with customers across every screen.

We’re on a mission to hire the very best and are committed to creating exceptional employee experiences where everyone is respected and has access to equal opportunity. We realize that new ideas can come from everywhere in the organization, and we know the next big idea could be yours!
Our Company
Changing the world through digital experiences is what Adobe’s all about. We give everyone—from emerging artists to global brands—everything they need to design and deliver exceptional digital experiences. We’re passionate about empowering people to craft beautiful and powerful images, videos, and apps, and transform how companies interact with customers across every screen.
We’re on a mission to hire the very best and are committed to building exceptional employee experiences where everyone is respected and has access to equal opportunity. We realize that new ideas can come from everywhere in the organization, and we know the next big idea could be yours!
The Opportunity
We currently have several different positions and levels (Mid P30 - Senior P40) of opportunities across our organization for Backend Software Engineer’s to join Adobe Marketo Platform Engineering Team. Marketo Engage platform and applications give customers ability to build, manage, and execute personalized engagement at scale across multiple touchpoints and drive authentic experiences for everyone, everywhere, and every time.
What you'll Do
Play a central role in the design, development, and delivery of Adobe Marketo Platform.
Work across teams to provide seamless integrations between various Adobe Experience Cloud Solutions.
Passionate about building large scale distributed platform services.
Passionate about operational excellence and thrive to build robust and maintainable scalable software services.
What you need to succeed
MS/BS degree in Computer Science or equivalent with at least 3 years of software development experience.
Strong programming experience with Java/Scala.
Experience with building distributed data processing services and multi-threaded programming.
Experience with SQL and/or NoSQL databases such as MySQL, MongoDB, Redis, Cosmos.
Experience with Agile methodologies.
Excellent interpersonal skills and an eagerness to collaborate.
Passion for technical challenges, evaluating options, and driving solutions.
Passionate about developing the best software practices and championing them.
You are committed to delivering products that tackle critical business needs and iterating with customers for early feedback and areas of improvement.
What will help you stand out from the crowd
Experience with Stream Processing Frameworks such as Spark, Kafka, Akka framework.
Proven knowledge in developing, deploying, highly available, SaaS applications and services in public and private cloud.
Pursuant to the Colorado Fair Pay Act, below is a summary of compensation elements for this role at the company if based in Colorado.
Colorado Starting Salary: $133,400 - $173,200
At Adobe, for sales roles starting salaries are expressed as total target compensation (TTC = base + commission), and short-term incentives are in the form of sales commission plans. Non-sales roles starting salaries are expressed as base salary and short-term incentives are in the form of the Annual Incentive Plan (AIP).
In addition, certain roles may be eligible for long-term incentives in the form of a new hire equity award."
"Software Engineer, Web Development",Tinder,"Los Angeles, CA","Tinder brings people together. With tens of millions of users, hundreds of millions of downloads, 2 billion swipes per day, 20 million matches per day and a presence in every country on earth, our reach is expansive—and rapidly growing.
At Tinder, we are passionate about building software to bring our growing global user base one swipe closer to a new adventure! We empower all team members to contribute solutions - this is not a top down organization. We feel it is meaningful to learn from one another and grow as a team.
As a Web engineer at Tinder, you will have an outsized impact and ownership of the most visible aspects of the Tinder.com progressive web app and other web projects across the company. We are a small but growing team using modern web technologies to build high quality, performant, and accessible products for our members.
We have always believed in using technology to foster innovation and form meaningful connections - despite physical distance. This position is available remotely within the US and/or when it is safe to re-open, can be located in our LA or Bay Area offices.
In this engineering role, you will:
Develop exciting new revenue-driving features and help the team scale to meet our fast-growing user base and global audience
Improve subscriber retention while driving conversions and reducing churn
Collaborate with various technical and functional teams across our company
Gain exposure to terabytes of data including billions of swipes every day
Own all aspects of software engineering and product development
Participate in architecture, design, and code reviews
Build highly reliable software solutions


We're looking for:
You possess a deep knowledge of JavaScript, HTML5, and CSS3
You have experience developing sophisticated applications using modern web frameworks, such as React/Redux, Vue, etc.
Experience collaborating with product owners, designers and other specialists to build rich end-to-end user experiences
Experience analyzing and optimizing web application performance
Strong communication skills and a passion to solve unique and ambitious problems
An advocate for good code quality and best engineering practices
As part of our team you'll enjoy:
Working on a product that has an immediate impact on people’s lives all around the world
Collaborating with a team of creative, fun and driven colleagues
Comprehensive health coverage, competitive salary, 401(k) employer match
Other perks and wellness benefits like a fitness membership subsidy, paid concierge medical membership, pet insurance offerings, and a commuter subsidy
A robust Learning + Development offering including our MentorMatch program, access to a library of 6,000+ online learning courses through Udemy, and an annual L+D stipend
Access to mental health resources
Fertility preservation benefits
No Meeting Wednesdays, an annual Learning + Development stipend, and access to a wide range of product and service discounts through Perkspot
Charitable donations match up to $15,000 annually
Monthly and weekly interactive virtual events including Book Club, trivia with prizes and yoga workouts
The opportunity to join six active Employee Resource Groups (ERGs)
At Tinder, we don’t just accept differences — we celebrate it, we support it, and we thrive on it for the benefit of our employees, our product, and our community. We strive to make our workplace an inclusive and diverse environment, giving people from all walks of life the opportunity to have a voice. We champion and encourage those who bring different perspectives, ideas, and creativity to join our team dedicated to bringing people together across the globe. Tinder is proud to be an equal opportunity workplace where we welcome all people regardless of sex, gender identity, race, ethnicity, disability, or other lived experience."
Machine Learning Engineer,"Sony Pictures Entertainment, Inc.","Culver City, CA","The machine learning engineer designs, develops and deploys machine learning solutions to meet enterprise goals and support experimentation and innovation. The engineer collaborates with developers and data scientists to identify innovative machine learning solutions that leverage data to meet business goals. The machine learning engineer ensures infrastructure and data pipelines are structured to deploy machine learning solutions.
Responsibilities:
Understands and translates business and functional needs into machine learning problem statements
Translates complex machine learning problem statements into specific deliverables and requirements
Designs and develops scalable solutions that leverage machine learning and deep learning models to meet enterprise requirements
Works closely with data scientists and data engineers to develop machine learning algorithms
Works closely with UX designers and product teams to improve the product user experience
Translates machine learning algorithms into production-level code
Collaborates with development teams to test and deploy machine learning models
Creates metrics to continuously evaluate the performance of machine learning solutions
Maintains and improves the performance of existing machine learning solutions
Ensures adherence to performance standards and compliance to data security requirements
Keeps abreast with new tools, algorithms and techniques in machine learning and works to implement them in the organization
Skills
Proficiency in machine learning algorithms such as multi-class classifications, decision trees, support vector machines and deep learning
Strong understanding of probability and statistical models (generative and descriptive models)
Advanced programming skills with C/C++, Python, Java or R
Ability to run experiments scientifically and analyze results
Ability to effectively communicate technical concepts and results to technical and business audiences in a comprehensive manner
Ability to collaborate effectively across multiple teams and stakeholders, including analytics teams, development teams, product management and operations
Experience
More than two years of experience in developing and deploying enterprise-scale machine learning solutions
Preferred experience in a quantitative analysis role
Education
Bachelor's degree in data science, applied mathematics, computer science or otherwise research-based field; Master’s degree preferred

Sony Pictures Entertainment is an equal opportunity employer. We evaluate qualified applicants without regard to race, color, religion, sex, national origin, disability, veteran status, age, sexual orientation, gender identity, or other protected characteristics.
As part of our commitment to health and safety, all U.S. non-union and O.P.E.I.U. Local 174 applicants and employees must submit proof of vaccination against COVID-19 or request and obtain approval of a reasonable accommodation based on disability or a sincerely held religious belief, practice or observance. To request an accommodation for purposes of participating in the hiring process, you may contact us at SPE_Accommodation_Assistance@spe.sony.com."
Software Engineer II,Hulu,"Santa Monica, CA","Disney Streaming's Media Engineering QA team is seeking a Software Development Engineer in Test who will be an extraordinary addition to our team!

We are building next generation of APIs for backend services that power media engineering and as an SDET at Disney Streaming, you will play an integral role

in defining test strategies, building test automation, investigating/reporting issues, and collaborating across the Engineering teams to release quality

software with high confidence in the pursuit of delighting our subscribers. You will be contributing to delivering service platform enhancements to our

Disney+, ESPN+, Star+, and Hulu products. You will set up and enhance test automation frameworks and engineer efficient, scalable, and maintainable test infrastructure.

The right person has strong attention to detail, is intellectually curious, takes accountability and ownership for the definition and delivery of high-quality work. The right person also demonstrates a strong sense of collaboration in their work and professional relationships, clearly and thoughtfully communicates in their areas of expertise, identifies problems, and acts strategically to craft a solution, and empathizes with and advocates for the needs of customers. If you are someone who effectively moves between high-level concepts and low-level execution, then this is an excellent role for you!"
Software Engineer - Entry level,LOCKHEED MARTIN CORPORATION,"Sunnyvale, CA","COVID-19 continues to significantly impact our employees, families and communities. With employee health and safety as our top priority, and as a federal contractor, Lockheed Martin is taking action to address the increased risk and uncertainty COVID variants pose in the workplace and ensuring we meet our commitments to national security.

To uphold safety for all employees, we will continue to request vaccination status for all Lockheed Martin employees including new hires. All current and newly hired employees who are unvaccinated will be required to adhere to onsite safety protocols.
Description:Going to space is just the beginning. It’s what you do when you get there that matters. Lockheed Martin builds the satellites and spacecraft that do amazing things in space for government and commercial customers. Connecting people. Advancing discovery. And protecting what matters most. Lockheed Martin-built satellites give earlier warning of severe weather, connect troops on the battlefield, and deliver GPS directions to a billion people worldwide.
As we look to the future, we’re driving innovations to help our customers do even more in orbit. That’s why we’re crafting smarter satellites that operate like smartphones in the sky, with apps that can be updated in orbit so they can adapt as mission needs on the ground change. Your mission is ours. And as that mission evolves, we’ll be ready. Will you?
What does this role look like?
Working with experienced engineers, you will support the software engineering lifecycle following the program Plan (SDP) to include requirements analysis, object oriented analysis & design, code & unit test, integration, and support to formal test / delivery. You will also participate in technical reviews/audits of software products.

This position will be part of the NGG macro test team. These positions require s and are subject to security investigation.
Basic Qualifications:
Bachelor Degree in a Computer Science or other related STEM degree program from an accredited college/university. This position requires special access to support the program and requires the selected candidate to be a US Citizen.
Desired Skills:
Fluent in C, C++
Fluent in Python
Strong written/verbal skills
Active Clearance
BASIC QUALIFICATIONS:
job.Qualifications

Lockheed Martin is an Equal Opportunity/Affirmative Action Employer. All qualified applicants will receive consideration for employment without regard to race, color, religion, sex, pregnancy, sexual orientation, gender identity, national origin, age, protected veteran status, or disability status.
Join us at Lockheed Martin, where your mission is ours. Our customers tackle the hardest missions. Those that demand extraordinary amounts of courage, resilience and precision. They’re dangerous. Critical. Sometimes they even provide an opportunity to change the world and save lives. Those are the missions we care about.

As a leading technology innovation company, Lockheed Martin’s vast team works with partners around the world to bring proven performance to our customers’ toughest challenges. Lockheed Martin has employees based in many states throughout the U.S., and Internationally, with business locations in many nations and territories.
EXPERIENCE LEVEL:
Experienced Professional"
506921 - Analyst/Programmer-Career,California State University,"Fullerton, CA","Job Title

Analyst/Programmer-Career

Classification

Analyst/Programmer-Career

AutoReqId

506921

Department

Admissions and Records Information Technology

Sub-Division

IT-Enterprise Resource and Planning Operating Systems and Database

Salary Range

$4,372 - $10,792 per month

Appointment Type

Temporary

Time Base

Full-Time

Work Schedule

Monday – Friday, 8:00 AM – 5:00 PM; this is a temporary position to end on or before June 30, 2022 with a possibility of renewal on an annual basis if funds and/or program needs exist.

About CSUF

Standing on 241 acres at the heart of Southern California, the university was founded in 1957 and has grown into a population of over 39,000 students. As Titans, we believe that diverse perspectives deepen our understanding. We are committed to giving students the support they need to graduate, while responding to California’s revolving work force needs. At California State University, Fullerton we strive for continual improvement of students, staff, faculty and administrators through orientations, training programs and professional development opportunities. As part of the Titan Community, you have access to many campus facilities and services including but not limited to the Grand Central Art Center in Santa Ana, CSUF Garden Grove Center, Fullerton Arboretum, cultural events and performances in the Clayes Performing Arts Center, Cal State Fullerton Athletics sports events, Titan Recreation Center, and the Employee Wellness Program.

Job Summary

It is an exciting time to join Cal State Fullerton as we are an in demand comprehensive University that is driven to shape the future of education and foster a vibrant community of diverse students, faculty, staff and administrators who uphold values of inclusive excellence, free speech, and an environment free from discrimination. We are continuously seeking individuals from a variety of career disciplines that share in the University’s mission and core values. We warmly welcome you to consider joining the Titan Community where minds expand and opportunities flourish.


About the Position:
Information Technology continuously strives to produce a higher quality of services designed to meet the expectations of the campus community. We provide a leading-edge technology environment for students, faculty and staff to advance the University's mission, vision and goals. We are seeking an exceptional individual to join our team as an Analyst/Programmer-Career. The ideal candidate in this role should have a positive attitude and an active, energetic mind that is characterized by highly ethical practices and a commitment to diversity, openness, flexibility, integrity, and kindness.

The Analyst/Programmer-Career develops specifications, performs system design, and develops complex application programs and troubleshoots the application. Implements and documents complex application programs based on the policies and procedures in the campus PeopleSoft (Common Management System) applications. Implements and documents application programs based on the policies and procedures in the student degree planner and audit (UAchieve, UDirect, EAB etc.) applications. Works in a team of technical staff that develops and maintains the Admission, Student Records, Student Finance, Financial Aid, HR, and Financial Environments. Provides technical subject matter expertise on development of technical projects, specifically PeopleSoft. Other duties as assigned.

Essential Qualifications

Bachelor’s degree from an accredited four-year college or university in Computer Science, Computer Information Systems, Information Systems, Engineering or a related field with two years of relevant full-time experience or the equivalent part-time experience. Eight years of relevant full-time experience may be substituted for the previously listed education and experience requirement.

Functional knowledge of the specialty area demonstrated by an understanding and use of advanced principles and theories. Ability to integrate work related knowledge to address problems. Demonstrated competency in applying standard and non-standard technology applications and exploring and adapting to changing technology. Ability to independently apply technical judgment, recognize problems, use reasoning and logic to establish possible causes, interpret and apply theories and principles, generate alternative solutions, and implement a plan of action for the best resolution. Ability to develop solutions where precedents do not always exist. Ability to be proactive, anticipate outcomes and consequences of different approaches, and make modifications to action plans. Demonstrated competence interpreting and communicating information. Demonstrated reflective listening skills when working with others. Ability to assist others in completing assignments and provide work direction and training to others on new skills and procedures. Ability to plan and work on shared projects.

A background check (including a criminal records check) must be completed satisfactorily and is required for employment. CSU will make a conditional offer of employment, which may be rescinded if the background check reveals disqualifying information, and/or it is discovered that the candidate knowingly withheld or falsified information. Failure to satisfactorily complete the background check may affect the continued employment of a current CSU employee who was conditionally offered the position.

Preferred Qualifications

Experience in understanding business processes for Admission, Student Records, Student Administration, Student Finance, Financial Aid, Human Resources, Finance, and Academic units in an academic environment across various departments. Strong interpersonal skills and ability to interact with a variety of staff and management with varying technical skills and knowledge. Knowledge of third and fourth generation programming languages, PeopleSoft Application, People Tool, Oracle database, and Oracle development tool. Hands-on and informed on industry leading programming, web and, mobile technologies including but not limited to .NET, COBOL, JAVA, and XML. Development and support experience in the California State University CMS PeopleSoft environment.

License/Certifications

A valid California driver's license and/or a reliable means of transportation required. This position requires use of a state vehicle to go to various on and off campus sites.

Special Working Conditions

Notice of Non-Discrimination on the Basis of Gender or Sex and Contact Information for Title IX Coordinator

Sitting for prolonged periods of time. Occasional early morning, evening, and weekend hours based on project rollouts and maintenance scheduling.

Additional Information

California State University, Fullerton celebrates all forms of diversity and is deeply committed to fostering an inclusive environment within which students, staff, administrators and faculty thrive. Individuals interested in advancing the University’s strategic diversity goals are strongly encouraged to apply. Reasonable accommodations will be provided for qualified applicants with disabilities who self-disclose.

Multiple positions may be hired from this recruitment based on the strength of the applicant pool.


If you are applying for a staff position, please note that you are not eligible to work concurrently in a staff position and an Academic Student position such as Graduate Assistant, Teaching Associate, Instructional Student Assistant or a Student Assistant position.


Regular attendance is considered an essential job function.

Employee/applicant who submits an application for a position may be required to successfully complete job related performance test(s) as part of the selection process.


Online application/resume must be received by electronic submission on the final filing date by 9:00 PM (Pacific Standard Time)/midnight (Eastern Standard Time). Applicants who fail to complete all sections of the online application form will be disqualified from consideration.

California State University, Fullerton is not a sponsoring agency for staff or management positions (i.e. H1-B Visas).

CSU requires faculty, staff, and students who are accessing campus facilities to be immunized against COVID-19 or declare a medical or religious exemption from doing so. Any candidates advanced in a currently open search process should be prepared to comply with this requirement. The systemwide policy can be found at https://calstate.policystat.com/policy/9779821/latest/ and questions may be sent to hr.fullerton.edu

Hiring Preference

On-Campus CSUEU Employees"
ERP Software Developer,In-N-Out,"Irvine, CA","Come join our family at In-N-Out Burger!
We have an excellent opportunity for a full-time ERP Software Developer in the I.T. department in our Irvine, CA office. This is a well-established team with experienced senior programmers who consistently deliver high-quality, mission-critical software for the company.
This is a full time and 100% in-office position.
General Responsibilities
Responsible for designing and developing new ERP features (Accounting, Supply Chain, Payroll, Human Resources, etc.)
Provide support with troubleshooting and debugging, including suggesting and implementing fixes
Ensure applications are built to optimize speed, data, and responsiveness for end users
Communicate effectively – must be able to discuss and clearly communicate technical issues
Contribute to the team’s technical growth by continually learning, engaging in technical discussion, and through frequent in-depth code-reviews
Work Schedule + Benefits
Full-time, Hourly, Non-Exempt
Office Hours: Monday-Friday, 8:00 am-5:00 pm
Department needs may call for occasional overtime
Excellent Benefits, to include Medical, Dental, Vision, Life Insurance, Profit Sharing Plan and 401(k) Plan
Qualifications
Bachelor’s Degree in Computer Science/Information Systems/Software Engineering, or comparable experience
Experience working in backend systems and databases
Experience with data modeling and design to create robust, configurable schemas
Experience in creating scalable, accurate, supportable business applications
Preference towards working as part of a team, including occasional pair programming, and willingness to take feedback
Friendly attitude and willingness to learn
Strong interpersonal skills and the ability to interact with all levels of management and outside organizations to represent the company in a positive and professional manner
Preferred Qualifications
Bachelor’s Degree in Computer Science, Information Systems, or related field
Experience with Oracle PL/SQL is a big plus
Experience with HTML/CSS/JavaScript
Experience with Oracle APEX
Work experience at an In-N-Out Burger store
About In-N-Out Burger
In-N-Out Burger was founded in 1948 by Harry and Esther Snyder in Baldwin Park, California, and remains privately owned and operated. Under the direction of the Snyder family, the company has opened restaurants throughout California, Nevada, Arizona, Utah, Texas, Oregon, and Colorado. In-N-Out Burger’s menu has remained the same since 1948, and we have maintained a simple philosophy – serve only the highest quality product, prepare it in a clean and sparkling environment, and serve it in a warm and friendly manner. We have built a reputation for fresh, made-to-order foods prepared and served by friendly, well trained Associates."
Web Developer/Programmer,Vegan Liftz,"San Clemente, CA","Are you an experienced programmer or web developer? We are looking for someone who can apply new features that we want to add to our website.
What we want to happen:
We want to keep a closer eye on our clients, especially with their diet, and help them stay committed. We think it is critical, especially to those who are new or just trying out going to the gym. We want our clients to feel engaged, especially with the lifestyle that they are trying to embrace.
Nowadays, reaching them through the internet is much more convenient and feels more personal. For us to do that, we need you to add these features to our website:
Log-in feature for our members, which will have the following interface:
Schedule of coaches
Workout routine for the day
Advised calorie intake/diet plans
Billings for membership
A server for us to input changes in the member’s workout routine, calorie intake and billings.
Provide and maintain security of the website.
We would love to discuss more during the interview.
Requirements and Qualifications:
Profound knowledge in JavaScript, CSS, HTML, PHP and other relevant web design coding languages.
Experience in programming and web design is ideal but not required.
It would be great if you can provide current or past projects (portfolio) but not required.
Knows how to communicate well and can do video calls.
Can work with minimal supervision.
Has the initiative to make suggestions.
Close attention to details.
Tasks and Responsibilities:
Overall management of the website.
Communicate the progress of the project (weekly progress) and problems should they arise.
Maintain the order and overall security of the website.
Coordinate with other members, especially with the design committee.
Are you ready to work with us? If you are ready to take on the challenge and earn $10,000 upon completion of the project, then fill out this form: https://forms.gle/okCVVmNfnmy7eTBF8
We will also offer a retainer’s fee to maintain the website."
Associate Software Engineer,Blizzard Entertainment,"Irvine, CA","Team Name:
Job Title:
Associate Software Engineer
Requisition ID:
R012759
Job Description:
Blizzard Entertainment is looking for a talented software engineer to enhance our customer support applications and services. You will collaborate with data scientists, designers, product managers, software engineers, and other partners across Blizzard to improve our customer experience both in and out of our games.
The software we build together ensures that players can enjoy our games in a positive and friendly environment and resolve any issue they have. Our team loves Blizzard games and we care deeply about ensuring everyone can fully enjoy our games; if you do too, then this is the team for you!
REQUIREMENTS
Bachelor’s degree in Computer Science or related discipline; or equivalent experience
Passion to learn and grow as a software engineer
Excellent verbal and written communication skills
PLUSES
Experience developing applications or services using C#
Experience developing applications using the Angular framework
Experience developing and integrating with relational and document database solutions
Experience authoring, executing, and analyzing the results of unit, integration, and regression tests
Experience with public cloud providers and private cloud solutions
Experience with container development and orchestration solutions
Contributions to open-source or personal projects
Passion for video games
REQUIRED APPLICATION MATERIALS
Resume
Cover letter"
Software Engineer Apprentice (Salesforce),IBM,"San Francisco, CA","Introduction
Software Developers at IBM are the backbone of our strategic initiatives to design, code, test, and provide industry-leading solutions that make the world run today - planes and trains take off on time, bank transactions complete in the blink of an eye and the world remains safe because of the work our software developers do. Whether you are working on projects internally or for a client, software development is critical to the success of IBM and our clients worldwide. At IBM, you will use the latest software development tools, techniques and approaches and work with leading minds in the industry to build solutions you can be proud of.

Your Role and Responsibilities
Are you interested in pursuing a software development career? Have you heard about agile development, but want to learn more about how it ‘works’? Are you someone that has a foundational understanding of development or programming concepts, but want to take a less traditional path to achieve it?


What is an Apprenticeship?
IBM Apprenticeship Program, which lasts approximately 12 months, is an official registered apprenticeship recognized by the Department of Labor (DOL). Every graduate of a Registered Apprenticeship program receives a nationally-recognized credential from the DOL.

During the apprenticeship duration, you will be required to complete specific learning hours and on the job training that has been outlined to ensure you are developing the skills and competencies essential to the role. You will be able to learn and grow at your own pace, but we expect most apprentices will complete their learning within 12 months. Once you graduate and receive your certificate from our apprentice program, you will be eligible to apply to available full-time roles at IBM.


Who you Are
An apprenticeship is about learning. We’re seeking candidates who have the following requirements, but we know you’re just getting your career started, and we’re committed to helping you learn and grow. If you’ve had some experience with coding or development in the past, you’re exactly the type of candidate we’re looking for….
Drive and eagerness to learn
Strong problem solving and communication skills
Able to work independently and take initiative, as well as work collaboratively and contribute to an agile team environment
Some knowledge or experience in ONE or more of the following:
Java, JavaScript, PHP, C#, Objective-C, C/C++, Python, Ruby and/or functional languages (Haskell, Scala, F#, Clojure)
Design Thinking
Hypothesis driven development
Social coding
Agile principles
Container development using tools such as Docker or Vagrant
Application Development, DevOps automation, and the development toolchain (e.g. Travis, Jenkins, Junit, automated test tools)

What’s the Experience?

As an apprentice, you'll join with other apprentices in a local cohort. You'll go through your first few weeks together, learning about IBM and the skills you'll be attaining throughout your apprenticeship. Then, you'll work with your managers and mentors to progress through your personal skills roadmap, learning and demonstrating new knowledge and competencies through hands-on application with your project teams. You'll complete milestones along the way, earning digital credentials to validate your skills, and will come back together with other apprentices to participate in on-going training and development focused on your professional and technical skills.

As a Software Engineer Apprentice at IBM focused on our Salesforce Services business, you'll work as part of a larger team of experienced developers and mentors in an interactive, collaborative environment. You’ll learn the fundamentals of development, software design, testing, and cloud computing, agile principles, IBM Design Thinking, DevOps and continuous delivery. You will also learn how to resolve IBM customer issues, debug customer problems and environments, and increase Cloud Service skills, and will build the skills to grow your career as a Software Developer. Best of all, you are a contributing member of your team, putting forward ideas, taking on responsibilities and making choices about how you get the job done just like any other IBMer.

Must be local or willing to relocate to San Francisco. No relocation is available for this position.

ncappx

Required Technical and Professional Expertise

Must have basic knowledge in one of the following programming languages: Apex, Java, JavaScript, PHP, C#, Objective-C, C/C++, Python, Ruby and/or functional languages (Haskell, Scala, F#, Clojure)
Willingness to complete the requirements of the apprenticeship program.

Preferred Technical and Professional Expertise

Experience with/exposure to Salesforce

About Business Unit
IBM Services is a team of business, strategy and technology consultants that design, build, and run foundational systems and services that is the backbone of the world's economy. IBM Services partners with the world's leading companies in over 170 countries to build smarter businesses by reimagining and reinventing through technology, with its outcome-focused methodologies, industry-leading portfolio and world class research and operations expertise leading to results-driven innovation and enduring excellence.

This job requires you to be fully COVID-19 vaccinated prior to your start date, where legally permissible. Proof of vaccination status will be required. If you are unable to be vaccinated due to medical, pregnancy or religious reasons, we offer accommodations in accordance with applicable law.

Your Life @ IBM
Are you craving to learn more? Prepared to solve some of the world's most unique challenges? And ready to shape the future for millions of people? If so, then it's time to join us, express your individuality, unleash your curiosity and discover new possibilities.

Every IBMer, and potential ones like yourself, has a voice, carves their own path, and uses their expertise to help co-create and add to our story. Together, we have the power to make meaningful change – to alter the fabric of our clients, of society and IBM itself, to create a truly positive impact and make the world work better for everyone.

It's time to define your career.

About IBM
IBM’s greatest invention is the IBMer. We believe that through the application of intelligence, reason and science, we can improve business, society and the human condition, bringing the power of an open hybrid cloud and AI strategy to life for our clients and partners around the world.

Restlessly reinventing since 1911, we are not only one of the largest corporate organizations in the world, we’re also one of the biggest technology and consulting employers, with many of the Fortune 50 companies relying on the IBM Cloud to run their business.


At IBM, we pride ourselves on being an early adopter of artificial intelligence, quantum computing and blockchain. Now it’s time for you to join us on our journey to being a responsible technology innovator and a force for good in the world.

Location Statement
IBM offers a competitive benefits program which may include medical, dental, vision, paid holidays, paid sick time, paid vacation, Employee Assistance Program (EAP), life insurance, IBM 401(k) Program and Employee Stock Purchase Plan.

IBM will not be providing visa sponsorship for this position now or in the future. Therefore, in order to be considered for this position, you must have the ability to work without a need for current or future visa sponsorship.

We consider qualified applicants with criminal histories, consistent with applicable law.

Being You @ IBM
IBM is committed to creating a diverse environment and is proud to be an equal opportunity employer. All qualified applicants will receive consideration for employment without regard to race, color, religion, gender, gender identity or expression, sexual orientation, national origin, genetics, pregnancy, disability, age, veteran status, or other characteristics. IBM is also committed to compliance with all fair employment practices regarding citizenship and immigration status."
"Software Engineer, University Graduate - 2022 Start",TikTok,"San Francisco, CA","TikTok is the leading destination for short-form mobile video. Our mission is to inspire creativity and bring joy. TikTok has global offices including Los Angeles, New York, London, Paris, Berlin, Dubai, Mumbai, Singapore, Jakarta, Seoul and Tokyo.

As a University Graduate Engineer, you'll have the chance to work with our clients and teams to address key business problems and identify areas of growth for the company. With your education and experience, you will be able to take on real-world challenges from day one.

By applying to this position your application is automatically submitted to the following locations: Mountain View, CA, San Francisco, CA and Bellevue, WA.

Candidates can apply to a maximum of two positions and will be considered for jobs in the order you apply. The application limit is firm and includes all campus jobs globally. Applications will be reviewed on a rolling basis and we encourage you to apply early.

Teams:

Applied Machine Learning
Data System
Data Platform
Data Trust and Safety
Data Architecture
Client Infrastructure
Central Product Platform
Live Streaming
Interactive, Entertainment, Social
Monetization Technology
Monetization Product
Multimedia Lab
Privacy and Data Protection
Privacy and Security
Search
Security
Technical Infrastructures
TikTok Engineering
TikTok Data
Video on Demand

Responsibilities:

Build new features that touch hundreds of millions of people around the world
Solve unique, large-scale, highly complex technical problems
Partner with PMs, designers, engineers from different teams on building backend support for mobile application
Participate in technical discussions related to team's product and engineering work
Bachelor's or Master's degree in Computer Science or related fields or equivalent practical experience
Experience with coding in Python, Java, Golang, C#, or C++
Must obtain work authorization in country of employment at the time of hire, and maintain ongoing work authorization during employment.

Preferred Qualifications:

Demonstrated software engineering experience from previous internship, work experience, coding competitions, or publications
Curiosity towards new technologies and entrepreneurship
High levels of creativity and quick problem-solving capabilities

TikTok is committed to creating an inclusive space where employees are valued for their skills, experiences, and unique perspectives. Our platform connects people from across the globe and so does our workplace. At TikTok, our mission is to inspire creativity and bring joy. To achieve that goal, we are committed to celebrating our diverse voices and to creating an environment that reflects the many communities we reach. We believe individuals shouldn't be disadvantaged because of their background or identity, but instead should be considered based on their strengths and experience. We are passionate about this and hope you are too.

TikTok is committed to providing reasonable accommodations during our recruitment process. If you need assistance or an accommodation, please reach out to us at Accommodations-AMS@tiktok.com."
Software Engineer,California Public Employees' Retirement System (CalPERS),"Sacramento, CA","The California Public Employees’ Retirement System (CalPERS) is the nation’s largest public pension fund, providing retirement and health benefits to public employees, retirees, and their families. Headquartered in downtown Sacramento, we are a destination employer with an international reputation for leadership and innovation. At CalPERS, we’re committed to people – the people we serve, our team members, and the larger community around us. CalPERS is situated near the Napa Valley, San Francisco, Lake Tahoe, and other desirable destinations, and we offer competitive benefit packages, compensation, and opportunities for advancement.CalPERS is currently seeking a Business Analyst/Systems Tester in the Information Technology Services Branch (ITSB), Enterprise Solutions Development Division (ESDD), myCalPERS Services Section (MCPSS), Contributions Unit.Desirable QualificationsExcellent verbal and written communication skillsKnowledge of Test Methodologies, Test phases, Test levels and Test typesKnowledge of the System Development Life Cycle (SDLC)Knowledge and experience in Application Life cycle Management (ALM) or any other defect management toolTwo to Four years of experience with developing test scripts from business and functional requirements, test data creation and test executionAbility to prioritize work assignments and/or problem solutions to ensure completion within established time framesExcellent meeting facilitation skillsTelework Information: This position has been designated as eligible for telework in an office-centered capacity. This is defined as the team member working fifty (50) percent or more of their time in the office.Job Type: Full-timePay: $5,815.00 - $9,408.00 per monthBenefits:401(k)Dental insuranceFlexible scheduleHealth insurancePaid time offVision insuranceSchedule:8 hour shiftWork Location: One location"
Programmer I (Entry Level Developer),"Alameda County, CA","Oakland, CA","Programmer I (Entry Level Developer)Type: Application Development and Support Location: Oakland, CA $72K- $87K Yearly Salary (commensurate with experience)Are you interested in working for the award-winning Alameda County IT Department? Are you a recent graduate majoring in Computer Science, Computer Engineering, or closely related field? Or are you a developer with a minimum of one year of recent experience in web application development? Are you able to analyze existing applications to design, code and test in an alternative solution? Are you able to work with other developers on projects while prioritizing own work with competing deadlines? This is an opportunity for you to have hands-on involvement in developing application solutions. Alameda County is looking for a Programmer I to join our team to develop programs and participates in defining the technical specifications to support documented business requirements to new and existing applications. You must be able to communicate with managers, peers, and customers in a team environment to achieve results. Knowledge of project life cycle, system analysis and design, relational databases, and web development.Skills and Experience Required: · Minimum of bachelor's degree in Computer Science OR· One year experience in applications developmentDesired Qualifications: · Strong object-oriented skills in C# or Java· Strong skills in web technologies – HTML, CSS, JavaScript· Experience writing queries and stored procedures with an RDMS, preferably SQL Server· Experience with an ORM such as Entity Framework· Experience in Cloud (AWS, Azure)· Experience developing software using C# .NET core, Angular 2.0+· Experience with frameworks/libraries such as Bootstrap or Angular Material· Work experience with third party libraries such as Telerik, DevExpress, or Prime NG· Knowledgeable of Microsoft Excel, Microsoft Access, and Visual Basic· Articulate ideas, technical concepts to other developers or business analysts in the organization· Proven to be able to develop web applications independently as well as implement components with multiple developers· Ability to operate under minimal guidance· Passionate about learning· Willing and eager to adapt to new tools and processesAbility to: · Analyze existing business systems· Gather business requirements and analyze data· Communicate technical concepts to department representatives· Prepare documentation and training materials· Quickly solve problemsJob Duties: · Designs, codes, and tests applications based on documented business requirements· Assists in reviewing and documenting existing business procedures and workflows to prepare recommendations for changes to departmental business processes· Assists in preparation of requirement specifications, designs, and other documentation to small to medium-sized systems or for subsystems of major enterprise systems· Assists in interpreting Department/Agency business needs and translates them into application and operational requirements· Maintain existing applications as needed to support changes in business needs· Establish and document test criteria for enterprise applicationsBenefits include: County Defined Benefit Pension Plan, eleven (11) paid holidays a year + initial accrual rate of ten (10) vacation days/yr (increases over time) + four (4) floating holidays/year + accrual of thirteen (13) sick days/year. Medical/ Dental/ Vision/ FSA/ Transportation cafeteria benefit selection options, and much more!Equal Opportunity EmployerQualified candidates who are extended a conditional offer of employment will be required to verify identity and eligibility to work in the United States and to complete the required employment eligibility verification documents upon hire. Alameda County does not anticipate providing sponsorship for employment visa status (e.g., H-1B) and an offer of employment shall not be construed as including said sponsorship presently or in the future. No vendor resumes at this time.Job Type: Full-timePay: $72,000.00 - $87,000.00 per yearBenefits:Dental insuranceEmployee assistance programFlexible spending accountHealth insuranceHealth savings accountPaid time offRetirement planVision insuranceSchedule:Monday to FridayEducation:Bachelor's (Preferred)Experience:Application development: 1 year (Preferred)Java: 1 year (Preferred)Work Location: One location"
Programmer Analyst,USC,"Los Angeles, CA","School: Keck School of Medicine
Department: Biochemistry and Molecular Medicine
Position: Programmer Analyst I
There is an exciting new opportunity at the University of Southern California for a highly motivated candidate who would like to strengthen bioinformatics skills. Working with researchers who led data analysis of large genomic consortia (e.g. TCGA, ENCODE, PsychENCODE), the Programmer Analyst I will analyze in-house generated high throughput sequencing epigenomics datasets and integrate multi-dimensional large-scale omics datasets, utilizing and building software programs. The Programmer Analyst I will assist on various research projects. The position may require occasional flexible work hours depending on the demands of the protocols and processing timelines.
Responsibilities:
Install, analyze, assess, and maintain and modify existing programs to make improvements
Build computational infrastructure, systems, and pipelines of programs
Develop algorithms and write novel scripts to analyze next-generation sequencing datasets
Develop web-based databases and tools to facilitate data analysis
Write protocols and present experimental results
Prepare scientific manuscripts under the direction of PI
Make suggestions based on daily operations, and the analyst may also be responsible for teaching techniques to others
Qualifications:
Bachelor or Master degree in Computer Science, Computational Biology, Statistics, or Data Science in a relevant field
Familiarity with R or Python, and the Unix (Linux) environment is required; skills in other programming languages (e.g. perl or java) will be a plus
Background and work knowledge in algorithms, scientific computing, and machine learning or statistics
Experience with building databases or programs
Experience in analyzing and annotating omics data sets will be a plus
Experience and knowledge of research processes, workflow development, and documenting protocols
Ability to effectively prioritize and manage multiple tasks
Excellent organizational skills
Due to the collaborative, multi-lab nature of this project, it is essential for an applicant to have excellent organizational and communication skills
To Apply:
Complete the Workday application

Minimum Education: Bachelor's degree, Combined work experience and education as equivalent Minimum Experience: 0 - 6 months Minimum Field of Expertise: General knowledge of programming and documentation procedures and programming methods and operator instructions. Knowledge of one or more appropriate computer languages."
Junior Developer (AngularJS/NodeJS),Mobistreak,"San Jose, CA","Full Time | Multiple Locations
We are looking for talented Junior Developer from premier schools to join our product team."
Programmer Analyst,Southwestern Community College District,"Chula Vista, CA","Hours Per Week:
40
District Values:
Incumbents in District positions are expected to exhibit an equity-minded focus, responsiveness, and sensitivity to and understanding of the diverse academic, socioeconomic, cultural, gender identity, sexual orientation, and ethnic backgrounds of community college students, and employees, including those with physical or learning disabilities, and successfully foster and support an inclusive educational and employment environment.
Job Description Responsibilities:
Under the direction of assigned supervisor of record, perform computer programming and user support tasks; utilize the District computer systems to effectively meet the programming needs of the department; follow technical specifications and programming instructions; ensure compliance to applicable standards and policy; maintain documentation as required.

REPRESENTATIVE DUTIES:
Write computer programs to implement new applications, or maintain existing ones, using written specifications and instructions; create reports and files for use by users; create and maintain user access rights.
Perform maintenance programming to debug, correct, and/or modify existing programs including performing a study and analysis to identify program errors and to correctly modify program logic to achieve desired results.
Document new programming and program modifications and assist in the preparation of operating documentation; prepare flowcharts.
Meet with users to discuss software problems and programming needs; demonstrate and train others as needed.
Assist with investigation, research, analysis, and project coordination as directed.
Coordinate regularly with Senior Programmer Analysts, Systems Architect, and Systems & Programming Supervisor to ensure timely completion of department programming work.
Assist in system development and implementation of new systems and customization within existing systems; create user documentation and provide training.
Perform related duties and responsibilities as required.
Knowledge & Abilities:
MUST HAVE KNOWLEDGE OF:
Principles and concepts involved in structured systems analysis and structured computer programming.
Principles of project management.
Computer networks and system interfaces.
Various computer systems, languages, and software packages.
Programming and computer operations documentation.
Detailed program coding and testing.
Procedures involved in trouble shooting program and database problems.
Proper use of PC software and computer-related tools.
Interpersonal skills using tact, patience, and courtesy.
Oral and written communications skills.


ABILITY TO:
Effectively and efficiently, write programs and be able to maintain and convert programs written in various languages.
Operate desktop or mobile computer equipment.
Maintain programs and systems.
Follow established programming and documentation standards.
Meet schedules and time lines.
Plan and organize work to meet changing priorities and deadlines.
Maintain records and prepare reports.
Train and provide work guidance to others.
Work with and exhibit sensitivity to and understanding of the diverse racial, ethnic, disabled, sexual orientation, and cultural populations of community college students.
Communicate clearly and concisely, both orally and in writing.
Establish and maintain effective working relationships with those contacted in the course of work.
Education & Experience:
Any combination equivalent to: A Bachelor’s degree from an accredited college or university with major course work in computer science, information technology, or a related field
OR
At least two (2) years of related college level course work AND two (2) years of general programming or system administration experience.
Minimum Qualifications (Faculty and Academic Administrator Positions Only) Desired Qualifications: Licenses and Other Requirements: Working Conditions:
The conditions herein are representative of those that must be met by an employee to successfully perform the essential functions of this job. Reasonable accommodations may be made to enable individuals with disabilities to perform the essential job functions.
Environment: Work is performed primarily in a standard office setting with frequent interruptions and distractions; extended periods of time viewing computer monitor; possible exposure to dissatisfied individuals. Physical: Primary functions require sufficient physical ability and mobility to work in an office setting; to stand or sit for prolonged periods of time; to occasionally stoop, bend, kneel, crouch, reach, and twist; to lift, carry, push, and/or pull light to moderate amounts of weight; to operate office equipment requiring repetitive hand movement and fine coordination including use of a computer keyboard; and to verbally communicate to exchange information. Vision: See in the normal visual range with or without correction. Hearing: Hear in the normal audio range with or without correction.
Salary:
Range 36, Steps 1-7, $6,166.49-$7,802.53. Initial placement for external applicants is Step 1. An excellent benefits package which includes medical, vision, dental, retirement, vacation, generous sick leave package, and life insurance is available for the employee and eligible dependents.
Salary Schedule: Classified Bargaining Unit Work Schedule:
Monday-Friday: 7:30 a.m.-4:30 p.m. (Approximately). Work schedule may be adjusted, including nights and weekends, to meet the needs of the department and District.

Successful candidate may be assigned to any of the campus sites (Chula Vista, National City, Otay Mesa, and/or San Ysidro).
Start Date: As soon as the successful candidate is identified and following the subsequent governing board approval. Screening Deadline:
All application materials must be received on-line at https://jobs.swccd.edu. Position is open until filled. Applications received by the first screening deadline of 11:59 p.m. on Friday, March 11, 2022 are guaranteed to be reviewed by the selection committee. Any application received after the deadline is not guaranteed a review.
Tentative Timeline (Subject to Amendments):
 | February 28-March 11, 2022 | Position advertised; District receives applications
 | March 11, 2022 | Initial screening deadline for guaranteed consideration. Position is open until filled.
 | March 21-April 8, 2022 | Reviewing of applications.
 | April 18-22, 2022 | Search Committee interviews candidates
 | May, 2022 | Tentative employment start date pending Governing Board approval.
Open Until Filled No Required Applicant Docs Cont'd Southwestern College Online Application Supplemental Application: Special Instructions to Applicants: Equivalency (Academic Faculty Positions Only)
Equivalency (Academic Faculty Positions Only)"" section to read as follows, “To teach classes at Southwestern Community College District, an applicant must have completed coursework that meets the California Community College’s Chancellor’s Office Minimum Qualifications for Faculty. In some cases, an applicant who does not possess the exact degree title(s) listed by the State may meet State requirements for equivalency. In this case, the District follows a process to determine equivalency. If this is the case, please complete the Supplemental Equivalency Application, for Academic Employment and upload this form with your online application.
Foreign Degrees:
Foreign degrees require an evaluation for United States equivalency from an agency having membership with the National Association of Credential Evaluation Services, Inc.

Transcripts issued outside the United States of America require a course-by-course analysis with an equivalency statement from a certified transcript evaluation service verifying the degree equivalency to that of an accredited institution within the USA. This report must be attached to your online application at the time of applying.

For your convenience, we have provided the NACES (National Association of Credential Evaluation Services) membership list to assist you in complying with this requirement; click on the Helpful Job Tips link on the navigation bar. You may use any other certified transcript evaluation service at your disposal.
Additional Information:
We regret we are unable to accept faxed, e-mailed, mailed, or hand delivered application materials. Only complete application materials submitted through SWC online system will be accepted. To complete and submit your application for this position, please visit our online employment website at https://jobs.swccd.edu. All required information must be submitted online before the review date and time indicated on the job posting.


A confirmation number will be assigned if your application packet has been successfully submitted. Assistance with the online application process is available through the Human Resources Office at 900 Otay Lakes Road, Chula Vista, CA 91910; telephone: (619) 482-6395 or e-mail to employment@swccd.edu.


It is the sole responsibility of the applicant to ensure that all application materials are received by the review deadline date. A separate, complete application packet is required for each position for which you are applying for. All materials included in your application packet become District property, will not be returned, will not be copied, and will be considered for this opening only.


Candidates selected for employment with Southwestern Community College District must be fingerprinted by an electronic fingerprinting service (i.e. LiveScan) within 10 days of employment; provide clearance of tuberculosis (dated within the past 4 years and renewed every four years as a condition of continued employment) within 60 days of employment; provide proof of eligibility to work in the United States.


In addition to the above, for Faculty/Administrator positions (only), successful candidate must submit official (sealed) college transcripts confirming date degree conferred and/or a valid CA Community College Credential.


Reasonable accommodations will be provided to candidates with verified disabilities. Accommodation requests should be made at the time the interview appointment is scheduled.


As an Equal Opportunity Employer and in compliance with the Americans with Disabilities Act, Southwestern Community College District will make reasonable accommodations for individuals with disabilities.


The Southwestern Community College District shall not discriminate against any person in employment or in any program affiliated with the District on the basis of age, ancestry, color, ethnic group identification, national origin, religion, race, sex, sexual orientation, physical or mental disability, veteran status, or on the basis of these perceived characteristics, or based on association with a person or group with one or more of these actual or perceived characteristics.


Notice of Availability of the Annual Security Report – Southwestern College is committed to assisting all members of the community in providing for their own safety and security. The Annual Security Report is available on the SWCPD website at https://www.swccd.edu/student-support/safety-and-security/jeanne-clery-act/.


If you would like to receive a hard copy of the Annual Security Report, which contains this information, you can stop by the SWC College Police Department or you can request that a copy be mailed to you by calling (619) 482-6390.


The report contains information regarding campus security and personal safety including topics such as: crime prevention; public safety authority; crime reporting policies; programs to prevent dating violence, domestic violence, sexual assault, and stalking; the procedures the College will follow when one of these crimes is reported; and other matters of importance related to security on campus. The report also contains information about crime statistics for the three most recent calendar years concerning reported crimes that occurred on campus; in certain off-campus buildings or property owned or controlled by the College or a recognized student organization; and on public property within, or immediately adjacent to and accessible from the campus.


This information is required by law and is provided by the SWC College Police Department.


Drug and Alcohol Abuse Prevention Plan (DAAPP) – More information about the DAAPP, including the Drug Free Environment and Drug Prevention Program Policy and Procedure and Biennial report can be found in the Health and Safety Section of the campus Consumer Information page ( http://www.swccd.edu/index.aspx?page=1084)"
"SOFTWARE ENGINEER, GAME SUPPORT",DraftKings,"Dublin, CA","REMOTE - US | DUBLIN, IE
ENGINEERING
JR2916
FULL TIME
GET YOUR START AT A GROUNDBREAKING COMPANY.
Join our rapidly growing studio as we power up and create the next wave of world-class casino games! Be part of a collaborative group where everyone is closely involved in the design and development process. At DraftKings, we're pushing the bar for realism and entertainment and are looking for talented and passionate engineers who can bring their experience and ingenuity to our team. Our goal is to work hard and have fun as we build best in class games that set the standard for the industry. Let's build the future of online gaming together!


WHAT YOU’LL DO AS A SOFTWARE ENGINEER, GAME SUPPORT:
Support our ever-growing library of games through developing fixes and enhancements to improve the user experience of our products.
Build tools and processes to increase our ability to create and maintain our games.
Coordinate and manage the deployment of the next wave of games onto our platform.
 Work closely with other teams to facilitate game production and live support.
WHAT YOU’LL BRING:
Experience in game development or similar real-time rendering environments.
Experience with working across disciplines in both a technical and non-technical capacity.
Familiarity across one or more languages or similar: C#, JavaScript, Typescript, HTML5, CSS.
Familiarity with Unity or other game engines and tools.
A passion for working on games.
Mobile / web development experience preferred.
#LI-DP1

WHO ARE WE A GOOD FIT FOR?
We love working with talented people but more than that, we seek out compassionate co-workers with a collaborative spirit. Our work moves quickly and we’re great at coming together to find creative solutions to some of tech’s most interesting problems. If that sounds good to you, join us.

WE ARE DRAFTKINGS.

We’re inspired by our shared passion for developing creative solutions to complex challenges and empowering the people around us to do their best work. We are industry leaders in the digital entertainment and technology space propelled by constant curiosity and diverse perspectives.

Our teams are fueled by innovation. We are looking ahead, building what’s next, and continuously reinventing the industry. We’re a publicly traded (NASDAQ: DKNG) technology company headquartered in Boston, with teams around the world and an expanding global presence.

JOIN US!

We strive to create a place where all feel safe, empowered, engaged, championed, and inspired. DraftKings is proud to be an equal opportunity employer. This means we do not tolerate discrimination of any kind and are committed to providing equal employment opportunities regardless of your gender identity, race, nationality, religion, sexual orientation, status as a protected veteran, or status as an individual with a disability.

READY TO BUILD WHAT’S NEXT? APPLY NOW.

As a regulated gaming company, you may be required to obtain a gaming license issued by the appropriate state agency as a condition of employment."
"Guidance, Navigation, and Control — Associate Engineer (Fall 2022)",Astranis,"San Francisco, CA","Astranis is connecting the four billion people in the world who do not currently have access to the internet. We are building the next generation of smaller, lower-cost spacecraft to bring the world online.
We are well-funded by some of the best investors in the business and have raised over $350 million to date. We are have a world-class team that is passionate about building amazing technology. And we have a fun and collaborative work environment where you will learn a lot and make a huge impact no matter where you are in your career. Just check out our Glassdoor reviews to see what our team has to say about working at Astranis.
Our team is growing fast. Apply to be a part of our mission to connect the world!
Associate Engineer positions typically last for twelve weeks, and are salaried roles designed for students who have already received a bachelor's degree (or who will have done so before working at Astranis).
As an Associate Engineer, you will have an amazing opportunity to work on hard problems — we pride ourselves on giving everyone at Astranis a chance to do meaningful work on challenging projects, and our Associate Engineers work on projects that are of equal importance and difficulty to the projects we give our full-time employees. Many past Associate Engineers have designed and tested hardware/software that is heading to space on our first satellite, and many now work at Astranis full-time.
If you are still a college student, please apply to join us as an Intern.
Role:
Work with the Guidance, Navigation, and Control team to design, build, and test satellite hardware and software
Requirements:
Have a four-year degree in a technical discipline (e.g. engineering, CS, physics) with a focus on control systems, orbital mechanics, or spacecraft propulsion (or equivalent technical degree)
Familiarity with classical control theory
Experience with python or C/C++
Demonstrated ability to personally design, build, and test hardware and/or software from scratch
US Citizenship or Green Card
Bonus:
Familiarity with spacecraft design
Experience with low thrust trajectories
U.S. Citizenship, Lawful Permanent Residency, or Refugee/Asylee Status Required
(To comply with U.S. Government space technology export regulations, applicant must be a U.S. citizen, lawful permanent resident of the United States, or other protected individual as defined by 8 U.S.C. 1324b(a)(3))

Our mission and our products are meant to connect the world and everyone in it, regardless of gender, race, creed, or any other distinction. We believe in a diverse and inclusive workplace, and we encourage all people to join our team and bring their unique perspective to help make us stronger."
Android Developer,DBSI Services,"Sunnyvale, CA","Job Title: Android DeveloperJob location: Sunnyvale, CAJob Description: Android Developer (Any type of Android developer will work. 6 months – 2-3 years’ experience is required)Sunnyvale, CA(Remote but candidate should be in Sunnyvale CA or will be there from day one)Triage incoming bugs on Android platform from internal as well as external sourcesDetailed analysis to identify the root cause of incoming bugs and assign to relevaCommunicate technical issues and solutions with external developersJob Type: Full-timeSalary: $70.00 - $75.00 per hourSchedule:Monday to FridayWork Location: One locationSpeak with the employer+91 +19083566868"
Python Developer,Infinizi IT Solutions Pvt. Ltd.,"California City, CA","We are looking for a Python Developer to join our engineering team and help us develop and maintain various software products. Python Developer responsibilities include writing and testing code, debugging programs and integrating applications with third-party web services. To be successful in this role, you should have experience using server-side logic and work well in a team. Ultimately, you’ll build highly responsive web applications that align with our business needs.ResponsibilitiesWrite effective, scalable codeDevelop back-end components to improve responsiveness and overall performanceIntegrate user-facing elements into applicationsTest and debug programsImprove functionality of existing systemsImplement security and data protection solutionsAssess and prioritize feature requestsCoordinate with internal teams to understand user requirements and provide technical solutionsSkillsWork experience as a Python DeveloperExpertise in at least one popular Python framework (like Django, Flask or Pyramid)Knowledge of object-relational mapping (ORM)Familiarity with front-end technologies (like JavaScript and HTML5)Team spiritGood problem-solving skillsBSc in Computer Science, Engineering or relevant fieldJob Type: Full-timePay: $93,423.00 - $193,460.00 per yearBenefits:Dental insuranceFlexible scheduleHealth insuranceLife insurancePaid time offParental leaveSchedule:Monday to FridaySupplemental Pay:Signing bonusCOVID-19 considerations:Due to Covid-19, all our employees are working from home.Work Remotely:Yes"
Android Developer,American Nexus Trading Inc,"Sunnyvale, CA","Android Developer (Any type of Android developer will work. 6 months – 2-3 years’ experience is required)Sunnyvale, CA (Remote but candidate should be in Sunnyvale CA or will be there from day one))· Triage incoming bugs on Android platform from internal as well as external sources· Detailed analysis to identify the root cause of incoming bugs and assign to relevant teams· Communicate technical issues and solutions with external developersJob Types: Full-time, Part-time, ContractSalary: $30.00 - $43.00 per hourSchedule:8 hour shiftAbility to commute/relocate:Sunnyvale, CA: Reliably commute or planning to relocate before starting work (Preferred)Experience:iOS: 1 year (Preferred)SDKs: 1 year (Preferred)Android: 1 year (Preferred)Work Location: One location"
Software Engineer,Paramount,"Burbank, CA","Paramount Global (NASDAQ: PARA, PARAA) is a leading global media and entertainment company that creates premium content and experiences for audiences worldwide. Driven by iconic studios, networks and streaming services, Paramount's portfolio of consumer brands includes CBS, Showtime Networks, Paramount Pictures, Nickelodeon, MTV, Comedy Central, BET, Paramount+, Pluto TV and Simon & Schuster, among others. Paramount delivers the largest share of the U.S. television audience and boasts one of the industry's most important and extensive libraries of TV and film titles. In addition to offering innovative streaming services and digital video products, the company provides powerful capabilities in production, distribution and advertising solutions.

Division Overview:
The Video Operations and Streaming team is responsible for supporting the video delivery and architecture of VOD and Live content streamed on over 15 platforms for CBS All Access. Our team is also responsible for the encoding and delivery of premium content to millions of users every day.

Role Details:
We are seeking a Full-Stack Software Engineer who will help drive our system’s evolution. This person will be an integral part of the central Video Streaming and Operations team, working with other video tech engineers to build and release products for various platforms. We are responsible for supporting the video delivery and architecture of VOD and Live content streamed on over 15 platforms for CBS All Access. Our team is also responsible for the encoding and delivery of premium content to millions of users every day. This person will also be responsible for building out our user interface in a scalable and maintainable fashion.

Your Day-to-Day:
Work with other engineers to maintain and evolve our video encoding platform.
Modernize, manage and automate our Live and VOD event management system.
Work with publishing teams to gather requirements and support the scheduling, monitoring and operating of live events.
Build clean and reusable UI components to be used across the application.
Write unit and integration tests to improve our code base quality and test coverage.
Build out microservices for our cloud (AWS/GCP) video processing workflows.

Basic Qualifications:
3+ years of experience as a Software Engineer.
Experience with working on production level User Interface.
Solid grasp and understanding of HTML, CSS and Javascript.
Solid understanding of modern Javascript frameworks such as React.
Experience in programming one the server side languages such as Python, Go or Node.
Experience with container technology such as Docker.
Experience working with Cloud/SaaS services such as Amazon AWS, Google Cloud or Azure.

Additional Qualifications:
BS degree in Computer Science, similar technical field of study or equivalent practical experience.
Experience working with video codecs: H264, HEVC, AV1, VP9.
Familiarity with video protocols such as RTP, RTMP, HLS, HDS, Smooth Streaming.
Familiarity with modern video codecs like H264, VP8, VP9, AV1.

Paramount is an equal opportunity employer (EOE) including disability/vet.

At Paramount, the spirit of inclusion feeds into everything that we do, on-screen and off. From the programming and movies we create to employee benefits/programs and social impact outreach initiatives, we believe that opportunity, access, resources and rewards should be available to and for the benefit of all. Paramount is proud to be an equal opportunity workplace and is an affirmative action employer. We are committed to equal employment opportunity regardless of race, color, ethnicity, ancestry, religion, creed, sex, national origin, sexual orientation, age, citizenship status, marital status, disability, gender identity, gender expression, and Veteran status.

If you are a qualified individual with a disability or a disabled veteran, you may request a reasonable accommodation if you are unable or limited in your ability to use or access. https://www.paramount.com/careers as a result of your disability. You can request reasonable accommodations by calling 212.846.5500 or by sending an email to viacomaccommodations@viacom.com. Only messages left for this purpose will be returned."
Software Engineer I - FrontEnd,Disney Media & Entertainment Distribution,"Glendale, CA","Comprised of Disney’s international media businesses and the Company’s various streaming services, the Disney Media & Entertainment Distribution segment aligns technology, content and distribution platforms to expand the Company’s global footprint and deliver world-class, personalized entertainment experiences to consumers around the world.

The Walt Disney Company has a rich tradition of creating innovative products and magical experiences for millions of people around the world. Software Engineers are at the heart of that innovation and magic, building platforms, services, tools and infrastructure for an unmatched collection of content and brands such as ABC, Disney, and ESPN.

As a Software Engineer focused on Fantasy Sports you will be part of a diverse and talented organization focussed on building and maintaining complex web applications for ESPN.com. You will be a member of a team building the world’s #1 fantasy sports products working with modern server-side and web technologies such as JavaScript, Node and React to deliver scalable and elegant solutions for new product features and core site architecture.

If you:
Have the curiosity to learn and use new technologies
Employ positive thinking and are able to work constructively in a diverse team setting
Are passionate about web development
Value learning and being exposed to new experiences
Enjoy watching or playing sports
Love working in a startup culture
then working at Disney is unlike anything else. We have the latest technology, game-changing ideas, and world-class talent. Come be a part of our team and help us find new ways to interact with users, however and wherever they connect with our brands.

This position is open to Remote Work

Responsibilities :

Build templates and modules that are used by millions of fans
Develop and enhance core site functionality using server-side templating and JavaScript
Implement best practices to continually increase performance and scalability
Work with product and project management to refine specs and timelines
Partner with other engineering teams to deliver best solutions

Basic Qualifications :

Proven understanding of front-end web development technologies and principles
Knowledge of JavaScript, JS frameworks, and server-side templating
Experience with task automation (Grunt, Gulp, WebPack) and CSS Preprocessors (Less, Sass) a plus
Driven and self motivated

Required Education :

BS Computer Science or related technical discipline or its equivalent.

Additional Information :

#DMEDCXP"
Front End Web Developer (Remote),Inductive automation,"Folsom, CA","Inductive Automation, the leader in creating cutting-edge software for the industrial automation world is looking to add talented people to our rapidly growing team!As a Front-End Web Developer, you will be part of the core product development team and responsible for taking technical ideas and concepts and contributing to the overall solution design, architecture, and development efforts associated with mobile and web applications. You will be responsible for developing new features and projects for our primary product, Ignition, as well as have a hand in product maintenance and improvement.If you are looking for a work environment where creativity and collaboration are encouraged, new ideas are valued, and opportunities for development and growth abound, then this is an ideal position for you.What will you do?Implement complex web applications using modern front-end SPA techniquesWork with software engineering team to help guide direction and design of future releasesImplement new features and changes with an eye for security, reliability, and performancePerform complex and precise troubleshooting to pinpoint root causes for issues identified by support and QA teamsParticipate in agile development process (SCRUM)Perform code reviews to help verify changes made by other developersWhat are the requirements?Bachelor's Degree in Computer Science or related study and 2+ years of Java programming experience, OR 4+ years of Java programming experienceStrong web programming skills: HTML5 & CSS3, ES6, React, Less / Sass, Webpack, Responsive layoutUser-interface design experienceObject-oriented design experienceModern toolchain and source control familiarity (e.g., Git)Familiarity with agile methodologies (e.g., SCRUM)Benefits and Perks100% Covered Health Care:  Don’t pay a dime for your medical, dental, and vision insurance.Remote Flexibility:  Work from home, in our beautiful office, or a combination of both. It’s up to you.Work/Life Balance: Create a work schedule that fits your needs.Paid Time Off: Receive paid holidays, vacation, and sick time.401k with Match: Save for the future with our company-matching 401k programWorld-Class Headquarters: While on-site, enjoy complimentary snacks and beverages, then challenge a friend to a game of pool, table tennis, shuffleboard, or foosballAPPLY HERE:  https://jobs.lever.co/inductiveautomation/6d8518a9-b158-4d16-9e3b-d9a71ed811f1/applyInductive Automation, LLC is an equal opportunity employer, and all qualified applicants will receive consideration for employment without regard to race, religion, color, national origin, sex, age, sexual orientation, gender identity, and status as a protected veteran or individual with a disability. Verification of US employment eligibility required.Job Type: Full-timePay: $85,000.00 - $115,000.00 per yearBenefits:401(k) matchingDental insuranceFlexible scheduleHealth insurancePaid time offVision insuranceSchedule:8 hour shiftWork Location: Multiple Locations"
WordPress Developer,Reaktiv,"Temecula, CA","Join our team and help bring our clients' biggest ideas to light.
Reaktiv is actively searching for a Wordpress Developer to join our remote team.
Does this sound like you?
You're dedicated to developing your skills as part of a highly collaborative team
You're committed to building, maintaining, supporting, and refactoring web sites and content management systems (with a focus on WordPress)
You possess an understanding of PHP and JavaScript, and are proficient in SQL, HTML5, CSS and CSS preprocessors
You love participating in positive and collaborative peer code reviews
You are comfortable with the communication tools and skills required to work effectively with a distributed team (like Slack, Asana, and Zoom. Patience and understanding go a long way too)
You are familiar with automated deployment workflows and Git or similar version control tools
You embrace your curious nature by approaching new and complex problems with gusto, and continuously seek out opportunities to grow
You are kind, patient and respectful in your communication with clients and comfortable guiding them to their desired result
You strive to improve and document the team's workflow and processes
You excel at auditing sites for performance, security and future maintainability as well as providing recommendations for improvement
Benefits
What is it like to work at Reaktiv?
We're a close-knit, fully distributed team who enjoy the challenge of solving hard problems together with clients like Atlassian, Cornell University, Harvard Business School, The New York Times Company, Microsoft, and Wirecutter. We're also one of the few WordPress VIP Gold agency partners in the world.
We are a 100% remote company, with no set hours, where each employee works from home or a co-working space. Even though we're far away, we're in contact throughout the day in Slack, Asana and Zoom.
We encourage continual education through weekly lunch and learns and taking courses to keep us ahead of the latest advancements. Our team also enjoys getting out from behind their desks and attending WordCamps and conferences across the country. We're frequent WordCamp speakers and core contributors.
While we may work hard during the week we prioritize a healthy work-life balance. Our off hours are reserved for playing guitar, exploring the outdoors, and spending time with our families and friends.
We're proud to offer a competitive compensation package that includes:
Competitive salary
Medical/Dental/Vision
401k with employer match
Flexible PTO
Paid parental leave
Flexible schedule
Equipment budget
Conference and continued education budget
Annual team retreats
Ready to apply?
Must be lawfully permitted to work in the US, and please, no recruiters.
Reaktiv is committed to equal opportunities, diversity, and inclusion
Reaktiv Studios, Inc. is an equal opportunity employer. We don't discriminate against employees or applicants based on gender identity or expression, sexual orientation, race, religion, age, national origin, pregnancy status, veteran status, or any other differences that people imagine to discriminate against one another.
If you have a disability, please let us know if there's anything we can do to make the application and interview process more comfortable and accessible for you."
C++ Developer,sovereign,"Sunnyvale, CA","Job DescriptionWe are looking for a C++ developer responsible for building applications that may range from desktop applications to native mobile applications and embedded systems. Your primary responsibility will be to design and develop these applications, and to coordinate with the rest of the team working on different layers of the infrastructure.ResponsibilitiesDesign, build, and maintain efficient, reusable, and reliable C++ codeImplement performance and quality modulesIdentify bottlenecks and bugs, and devise solutions to these problemsHelp maintain code quality, organization, and automatization{{Add other responsibilities here that are relevant}}Job Types: Full-time, Part-time, ContractPay: $70.00 - $90.00 per hourBenefits:Health insuranceSchedule:8 hour shiftMonday to FridayWeekend availabilityCOVID-19 considerations:Yes.Work Location: One location"
